id,name,description,release_at,entry_id,created_at,updated_at
1,kachel,"De energiezuinige mini-kachel.<br />Want je werkplek verdient ook warmte!","2025-11-07 23:08:45",,"2025-10-17 21:36:28","2025-10-17 21:36:28"
2,kachel,"De energiezuinige mini-kachel.<br />Want je werkplek verdient ook warmte!","2025-11-26 11:16:50",,"2025-10-17 21:36:28","2025-10-17 21:36:28"
3,kachel,"De energiezuinige mini-kachel.<br />Want je werkplek verdient ook warmte!","2025-11-22 10:37:20",,"2025-10-17 21:36:28","2025-10-17 21:36:28"
4,kachel,"De energiezuinige mini-kachel.<br />Want je werkplek verdient ook warmte!","2025-11-19 08:59:34",,"2025-10-17 21:36:28","2025-10-17 21:36:28"
5,kachel,"De energiezuinige mini-kachel.<br />Want je werkplek verdient ook warmte!","2025-11-30 01:05:52",,"2025-10-17 21:36:28","2025-10-17 21:36:28"
6,kachel,"De energiezuinige mini-kachel.<br />Want je werkplek verdient ook warmte!","2025-11-11 09:39:28",,"2025-10-17 21:36:28","2025-10-17 21:36:28"
7,kachel,"De energiezuinige mini-kachel.<br />Want je werkplek verdient ook warmte!","2025-11-05 09:40:53",,"2025-10-17 21:36:28","2025-10-17 21:36:28"
8,kachel,"De energiezuinige mini-kachel.<br />Want je werkplek verdient ook warmte!","2025-11-18 13:41:49",,"2025-10-17 21:36:28","2025-10-17 21:36:28"
9,kachel,"De energiezuinige mini-kachel.<br />Want je werkplek verdient ook warmte!","2025-11-07 11:09:22",,"2025-10-17 21:36:28","2025-10-17 21:36:28"
10,kachel,"De energiezuinige mini-kachel.<br />Want je werkplek verdient ook warmte!","2025-11-14 10:06:53",,"2025-10-17 21:36:28","2025-10-17 21:36:28"
11,kachel,"De energiezuinige mini-kachel.<br />Want je werkplek verdient ook warmte!","2025-11-20 19:07:09",,"2025-10-17 21:36:28","2025-10-17 21:36:28"
12,kachel,"De energiezuinige mini-kachel.<br />Want je werkplek verdient ook warmte!","2025-11-08 16:32:35",,"2025-10-17 21:36:28","2025-10-17 21:36:28"
13,kachel,"De energiezuinige mini-kachel.<br />Want je werkplek verdient ook warmte!","2025-11-11 08:21:49",,"2025-10-17 21:36:28","2025-10-17 21:36:28"
14,kachel,"De energiezuinige mini-kachel.<br />Want je werkplek verdient ook warmte!","2025-11-15 08:57:55",,"2025-10-17 21:36:28","2025-10-17 21:36:28"
15,kachel,"De energiezuinige mini-kachel.<br />Want je werkplek verdient ook warmte!","2025-11-13 03:39:53",,"2025-10-17 21:36:28","2025-10-17 21:36:28"
16,kachel,"De energiezuinige mini-kachel.<br />Want je werkplek verdient ook warmte!","2025-11-08 10:30:29",,"2025-10-17 21:36:28","2025-10-17 21:36:28"
17,kachel,"De energiezuinige mini-kachel.<br />Want je werkplek verdient ook warmte!","2025-11-16 11:12:08",,"2025-10-17 21:36:28","2025-10-17 21:36:28"
18,kachel,"De energiezuinige mini-kachel.<br />Want je werkplek verdient ook warmte!","2025-11-06 12:40:20",,"2025-10-17 21:36:28","2025-10-17 21:36:28"
19,kachel,"De energiezuinige mini-kachel.<br />Want je werkplek verdient ook warmte!","2025-11-11 13:16:33",,"2025-10-17 21:36:28","2025-10-17 21:36:28"
20,kachel,"De energiezuinige mini-kachel.<br />Want je werkplek verdient ook warmte!","2025-11-25 00:43:37",,"2025-10-17 21:36:28","2025-10-17 21:36:28"
21,kachel,"De energiezuinige mini-kachel.<br />Want je werkplek verdient ook warmte!","2025-11-24 02:39:39",,"2025-10-17 21:36:28","2025-10-17 21:36:28"
22,kachel,"De energiezuinige mini-kachel.<br />Want je werkplek verdient ook warmte!","2025-11-05 18:06:52",,"2025-10-17 21:36:28","2025-10-17 21:36:28"
23,kachel,"De energiezuinige mini-kachel.<br />Want je werkplek verdient ook warmte!","2025-11-23 16:12:22",,"2025-10-17 21:36:28","2025-10-17 21:36:28"
24,kachel,"De energiezuinige mini-kachel.<br />Want je werkplek verdient ook warmte!","2025-11-05 06:55:19",,"2025-10-17 21:36:28","2025-10-17 21:36:28"
25,kachel,"De energiezuinige mini-kachel.<br />Want je werkplek verdient ook warmte!","2025-11-18 04:47:24",,"2025-10-17 21:36:28","2025-10-17 21:36:28"
26,kachel,"De energiezuinige mini-kachel.<br />Want je werkplek verdient ook warmte!","2025-11-29 20:02:21",,"2025-10-17 21:36:28","2025-10-17 21:36:28"
27,kachel,"De energiezuinige mini-kachel.<br />Want je werkplek verdient ook warmte!","2025-11-03 21:13:49",,"2025-10-17 21:36:28","2025-10-17 21:36:28"
28,kachel,"De energiezuinige mini-kachel.<br />Want je werkplek verdient ook warmte!","2025-11-28 09:42:19",,"2025-10-17 21:36:28","2025-10-17 21:36:28"
29,kachel,"De energiezuinige mini-kachel.<br />Want je werkplek verdient ook warmte!","2025-11-07 14:01:11",,"2025-10-17 21:36:28","2025-10-17 21:36:28"
30,kachel,"De energiezuinige mini-kachel.<br />Want je werkplek verdient ook warmte!","2025-11-27 00:25:48",,"2025-10-17 21:36:28","2025-10-17 21:36:28"
31,sokken,"De sokken van Soxs. Zachte merinowol die ademt en niet kriebelt.<br />Nooit meer koude voeten en van top tot teen klaar voor je werkdag!","2025-11-10 13:43:54",,"2025-10-17 21:36:28","2025-10-17 21:36:28"
32,sokken,"De sokken van Soxs. Zachte merinowol die ademt en niet kriebelt.<br />Nooit meer koude voeten en van top tot teen klaar voor je werkdag!","2025-11-23 22:23:17",,"2025-10-17 21:36:28","2025-10-17 21:36:28"
33,sokken,"De sokken van Soxs. Zachte merinowol die ademt en niet kriebelt.<br />Nooit meer koude voeten en van top tot teen klaar voor je werkdag!","2025-11-13 22:29:09",,"2025-10-17 21:36:28","2025-10-17 21:36:28"
34,sokken,"De sokken van Soxs. Zachte merinowol die ademt en niet kriebelt.<br />Nooit meer koude voeten en van top tot teen klaar voor je werkdag!","2025-11-13 21:36:12",,"2025-10-17 21:36:28","2025-10-17 21:36:28"
35,sokken,"De sokken van Soxs. Zachte merinowol die ademt en niet kriebelt.<br />Nooit meer koude voeten en van top tot teen klaar voor je werkdag!","2025-11-30 13:09:34",,"2025-10-17 21:36:28","2025-10-17 21:36:28"
36,sokken,"De sokken van Soxs. Zachte merinowol die ademt en niet kriebelt.<br />Nooit meer koude voeten en van top tot teen klaar voor je werkdag!","2025-11-13 23:15:08",,"2025-10-17 21:36:28","2025-10-17 21:36:28"
37,sokken,"De sokken van Soxs. Zachte merinowol die ademt en niet kriebelt.<br />Nooit meer koude voeten en van top tot teen klaar voor je werkdag!","2025-11-04 19:09:03",,"2025-10-17 21:36:28","2025-10-17 21:36:28"
38,sokken,"De sokken van Soxs. Zachte merinowol die ademt en niet kriebelt.<br />Nooit meer koude voeten en van top tot teen klaar voor je werkdag!","2025-11-09 05:32:02",,"2025-10-17 21:36:28","2025-10-17 21:36:28"
39,sokken,"De sokken van Soxs. Zachte merinowol die ademt en niet kriebelt.<br />Nooit meer koude voeten en van top tot teen klaar voor je werkdag!","2025-11-25 21:05:36",,"2025-10-17 21:36:28","2025-10-17 21:36:28"
40,sokken,"De sokken van Soxs. Zachte merinowol die ademt en niet kriebelt.<br />Nooit meer koude voeten en van top tot teen klaar voor je werkdag!","2025-11-10 00:09:49",,"2025-10-17 21:36:28","2025-10-17 21:36:28"
41,sokken,"De sokken van Soxs. Zachte merinowol die ademt en niet kriebelt.<br />Nooit meer koude voeten en van top tot teen klaar voor je werkdag!","2025-11-12 15:44:33",,"2025-10-17 21:36:28","2025-10-17 21:36:28"
42,sokken,"De sokken van Soxs. Zachte merinowol die ademt en niet kriebelt.<br />Nooit meer koude voeten en van top tot teen klaar voor je werkdag!","2025-11-30 21:22:32",,"2025-10-17 21:36:28","2025-10-17 21:36:28"
43,sokken,"De sokken van Soxs. Zachte merinowol die ademt en niet kriebelt.<br />Nooit meer koude voeten en van top tot teen klaar voor je werkdag!","2025-11-10 12:46:42",,"2025-10-17 21:36:28","2025-10-17 21:36:28"
44,sokken,"De sokken van Soxs. Zachte merinowol die ademt en niet kriebelt.<br />Nooit meer koude voeten en van top tot teen klaar voor je werkdag!","2025-11-17 13:33:54",,"2025-10-17 21:36:28","2025-10-17 21:36:28"
45,sokken,"De sokken van Soxs. Zachte merinowol die ademt en niet kriebelt.<br />Nooit meer koude voeten en van top tot teen klaar voor je werkdag!","2025-11-03 04:49:56",,"2025-10-17 21:36:28","2025-10-17 21:36:28"
46,sokken,"De sokken van Soxs. Zachte merinowol die ademt en niet kriebelt.<br />Nooit meer koude voeten en van top tot teen klaar voor je werkdag!","2025-11-12 06:26:27",,"2025-10-17 21:36:28","2025-10-17 21:36:28"
47,sokken,"De sokken van Soxs. Zachte merinowol die ademt en niet kriebelt.<br />Nooit meer koude voeten en van top tot teen klaar voor je werkdag!","2025-11-03 03:51:29",,"2025-10-17 21:36:28","2025-10-17 21:36:28"
48,sokken,"De sokken van Soxs. Zachte merinowol die ademt en niet kriebelt.<br />Nooit meer koude voeten en van top tot teen klaar voor je werkdag!","2025-11-04 15:26:49",,"2025-10-17 21:36:28","2025-10-17 21:36:28"
49,sokken,"De sokken van Soxs. Zachte merinowol die ademt en niet kriebelt.<br />Nooit meer koude voeten en van top tot teen klaar voor je werkdag!","2025-11-12 18:04:27",,"2025-10-17 21:36:28","2025-10-17 21:36:28"
50,sokken,"De sokken van Soxs. Zachte merinowol die ademt en niet kriebelt.<br />Nooit meer koude voeten en van top tot teen klaar voor je werkdag!","2025-11-20 13:21:00",,"2025-10-17 21:36:28","2025-10-17 21:36:28"
51,sokken,"De sokken van Soxs. Zachte merinowol die ademt en niet kriebelt.<br />Nooit meer koude voeten en van top tot teen klaar voor je werkdag!","2025-11-07 07:27:25",,"2025-10-17 21:36:28","2025-10-17 21:36:28"
52,sokken,"De sokken van Soxs. Zachte merinowol die ademt en niet kriebelt.<br />Nooit meer koude voeten en van top tot teen klaar voor je werkdag!","2025-11-22 17:49:31",,"2025-10-17 21:36:28","2025-10-17 21:36:28"
53,sokken,"De sokken van Soxs. Zachte merinowol die ademt en niet kriebelt.<br />Nooit meer koude voeten en van top tot teen klaar voor je werkdag!","2025-11-28 04:40:58",,"2025-10-17 21:36:28","2025-10-17 21:36:28"
54,sokken,"De sokken van Soxs. Zachte merinowol die ademt en niet kriebelt.<br />Nooit meer koude voeten en van top tot teen klaar voor je werkdag!","2025-11-21 11:48:00",,"2025-10-17 21:36:28","2025-10-17 21:36:28"
55,sokken,"De sokken van Soxs. Zachte merinowol die ademt en niet kriebelt.<br />Nooit meer koude voeten en van top tot teen klaar voor je werkdag!","2025-11-23 07:05:34",,"2025-10-17 21:36:28","2025-10-17 21:36:28"
56,sokken,"De sokken van Soxs. Zachte merinowol die ademt en niet kriebelt.<br />Nooit meer koude voeten en van top tot teen klaar voor je werkdag!","2025-11-21 19:41:58",,"2025-10-17 21:36:28","2025-10-17 21:36:28"
57,sokken,"De sokken van Soxs. Zachte merinowol die ademt en niet kriebelt.<br />Nooit meer koude voeten en van top tot teen klaar voor je werkdag!","2025-11-16 15:39:19",,"2025-10-17 21:36:28","2025-10-17 21:36:28"
58,sokken,"De sokken van Soxs. Zachte merinowol die ademt en niet kriebelt.<br />Nooit meer koude voeten en van top tot teen klaar voor je werkdag!","2025-11-08 15:34:41",,"2025-10-17 21:36:28","2025-10-17 21:36:28"
59,sokken,"De sokken van Soxs. Zachte merinowol die ademt en niet kriebelt.<br />Nooit meer koude voeten en van top tot teen klaar voor je werkdag!","2025-11-14 15:52:06",,"2025-10-17 21:36:28","2025-10-17 21:36:28"
60,sokken,"De sokken van Soxs. Zachte merinowol die ademt en niet kriebelt.<br />Nooit meer koude voeten en van top tot teen klaar voor je werkdag!","2025-11-19 17:00:39",,"2025-10-17 21:36:28","2025-10-17 21:36:28"
61,sokken,"De sokken van Soxs. Zachte merinowol die ademt en niet kriebelt.<br />Nooit meer koude voeten en van top tot teen klaar voor je werkdag!","2025-11-24 06:42:08",,"2025-10-17 21:36:28","2025-10-17 21:36:28"
62,sokken,"De sokken van Soxs. Zachte merinowol die ademt en niet kriebelt.<br />Nooit meer koude voeten en van top tot teen klaar voor je werkdag!","2025-11-26 14:35:53",,"2025-10-17 21:36:28","2025-10-17 21:36:28"
63,sokken,"De sokken van Soxs. Zachte merinowol die ademt en niet kriebelt.<br />Nooit meer koude voeten en van top tot teen klaar voor je werkdag!","2025-11-29 22:33:10",,"2025-10-17 21:36:28","2025-10-17 21:36:28"
64,sokken,"De sokken van Soxs. Zachte merinowol die ademt en niet kriebelt.<br />Nooit meer koude voeten en van top tot teen klaar voor je werkdag!","2025-11-30 18:20:30",,"2025-10-17 21:36:28","2025-10-17 21:36:28"
65,sokken,"De sokken van Soxs. Zachte merinowol die ademt en niet kriebelt.<br />Nooit meer koude voeten en van top tot teen klaar voor je werkdag!","2025-11-18 05:55:46",,"2025-10-17 21:36:28","2025-10-17 21:36:28"
66,sokken,"De sokken van Soxs. Zachte merinowol die ademt en niet kriebelt.<br />Nooit meer koude voeten en van top tot teen klaar voor je werkdag!","2025-11-23 19:52:16",,"2025-10-17 21:36:28","2025-10-17 21:36:28"
67,sokken,"De sokken van Soxs. Zachte merinowol die ademt en niet kriebelt.<br />Nooit meer koude voeten en van top tot teen klaar voor je werkdag!","2025-11-15 07:06:01",,"2025-10-17 21:36:28","2025-10-17 21:36:28"
68,sokken,"De sokken van Soxs. Zachte merinowol die ademt en niet kriebelt.<br />Nooit meer koude voeten en van top tot teen klaar voor je werkdag!","2025-11-19 22:18:53",,"2025-10-17 21:36:28","2025-10-17 21:36:28"
69,sokken,"De sokken van Soxs. Zachte merinowol die ademt en niet kriebelt.<br />Nooit meer koude voeten en van top tot teen klaar voor je werkdag!","2025-11-21 06:19:56",,"2025-10-17 21:36:28","2025-10-17 21:36:28"
70,sokken,"De sokken van Soxs. Zachte merinowol die ademt en niet kriebelt.<br />Nooit meer koude voeten en van top tot teen klaar voor je werkdag!","2025-11-22 12:58:14",,"2025-10-17 21:36:28","2025-10-17 21:36:28"
71,sokken,"De sokken van Soxs. Zachte merinowol die ademt en niet kriebelt.<br />Nooit meer koude voeten en van top tot teen klaar voor je werkdag!","2025-11-15 05:15:28",,"2025-10-17 21:36:28","2025-10-17 21:36:28"
72,sokken,"De sokken van Soxs. Zachte merinowol die ademt en niet kriebelt.<br />Nooit meer koude voeten en van top tot teen klaar voor je werkdag!","2025-11-03 00:03:16",,"2025-10-17 21:36:28","2025-10-17 21:36:28"
73,sokken,"De sokken van Soxs. Zachte merinowol die ademt en niet kriebelt.<br />Nooit meer koude voeten en van top tot teen klaar voor je werkdag!","2025-11-14 16:27:50",,"2025-10-17 21:36:28","2025-10-17 21:36:28"
74,sokken,"De sokken van Soxs. Zachte merinowol die ademt en niet kriebelt.<br />Nooit meer koude voeten en van top tot teen klaar voor je werkdag!","2025-11-13 13:51:28",,"2025-10-17 21:36:28","2025-10-17 21:36:28"
75,sokken,"De sokken van Soxs. Zachte merinowol die ademt en niet kriebelt.<br />Nooit meer koude voeten en van top tot teen klaar voor je werkdag!","2025-11-06 00:32:19",,"2025-10-17 21:36:28","2025-10-17 21:36:28"
76,kruik,"De Homey van Stoov. Een oplaadbaar warmtekussen vermomd als kruik.<br />Omdat jij net zoveel aandacht verdient als je deadlines!","2025-11-12 19:17:18",,"2025-10-17 21:36:28","2025-10-17 21:36:28"
77,kruik,"De Homey van Stoov. Een oplaadbaar warmtekussen vermomd als kruik.<br />Omdat jij net zoveel aandacht verdient als je deadlines!","2025-11-09 23:51:49",,"2025-10-17 21:36:28","2025-10-17 21:36:28"
78,kruik,"De Homey van Stoov. Een oplaadbaar warmtekussen vermomd als kruik.<br />Omdat jij net zoveel aandacht verdient als je deadlines!","2025-11-16 20:20:32",,"2025-10-17 21:36:28","2025-10-17 21:36:28"
79,kruik,"De Homey van Stoov. Een oplaadbaar warmtekussen vermomd als kruik.<br />Omdat jij net zoveel aandacht verdient als je deadlines!","2025-11-10 12:00:08",,"2025-10-17 21:36:28","2025-10-17 21:36:28"
80,kruik,"De Homey van Stoov. Een oplaadbaar warmtekussen vermomd als kruik.<br />Omdat jij net zoveel aandacht verdient als je deadlines!","2025-11-30 13:55:06",,"2025-10-17 21:36:28","2025-10-17 21:36:28"
81,kruik,"De Homey van Stoov. Een oplaadbaar warmtekussen vermomd als kruik.<br />Omdat jij net zoveel aandacht verdient als je deadlines!","2025-11-30 20:25:05",,"2025-10-17 21:36:28","2025-10-17 21:36:28"
82,kruik,"De Homey van Stoov. Een oplaadbaar warmtekussen vermomd als kruik.<br />Omdat jij net zoveel aandacht verdient als je deadlines!","2025-11-21 08:51:10",,"2025-10-17 21:36:28","2025-10-17 21:36:28"
83,kruik,"De Homey van Stoov. Een oplaadbaar warmtekussen vermomd als kruik.<br />Omdat jij net zoveel aandacht verdient als je deadlines!","2025-11-25 19:08:04",,"2025-10-17 21:36:28","2025-10-17 21:36:28"
84,kruik,"De Homey van Stoov. Een oplaadbaar warmtekussen vermomd als kruik.<br />Omdat jij net zoveel aandacht verdient als je deadlines!","2025-11-24 05:59:58",,"2025-10-17 21:36:28","2025-10-17 21:36:28"
85,kruik,"De Homey van Stoov. Een oplaadbaar warmtekussen vermomd als kruik.<br />Omdat jij net zoveel aandacht verdient als je deadlines!","2025-11-13 05:13:16",,"2025-10-17 21:36:28","2025-10-17 21:36:28"
86,kruik,"De Homey van Stoov. Een oplaadbaar warmtekussen vermomd als kruik.<br />Omdat jij net zoveel aandacht verdient als je deadlines!","2025-11-25 13:56:32",,"2025-10-17 21:36:28","2025-10-17 21:36:28"
87,kruik,"De Homey van Stoov. Een oplaadbaar warmtekussen vermomd als kruik.<br />Omdat jij net zoveel aandacht verdient als je deadlines!","2025-11-07 08:34:01",,"2025-10-17 21:36:28","2025-10-17 21:36:28"
88,kruik,"De Homey van Stoov. Een oplaadbaar warmtekussen vermomd als kruik.<br />Omdat jij net zoveel aandacht verdient als je deadlines!","2025-11-07 09:16:57",,"2025-10-17 21:36:28","2025-10-17 21:36:28"
89,kruik,"De Homey van Stoov. Een oplaadbaar warmtekussen vermomd als kruik.<br />Omdat jij net zoveel aandacht verdient als je deadlines!","2025-11-26 14:02:42",,"2025-10-17 21:36:28","2025-10-17 21:36:28"
90,kruik,"De Homey van Stoov. Een oplaadbaar warmtekussen vermomd als kruik.<br />Omdat jij net zoveel aandacht verdient als je deadlines!","2025-11-19 00:49:01",,"2025-10-17 21:36:28","2025-10-17 21:36:28"
91,kruik,"De Homey van Stoov. Een oplaadbaar warmtekussen vermomd als kruik.<br />Omdat jij net zoveel aandacht verdient als je deadlines!","2025-11-21 17:42:19",,"2025-10-17 21:36:28","2025-10-17 21:36:28"
92,kruik,"De Homey van Stoov. Een oplaadbaar warmtekussen vermomd als kruik.<br />Omdat jij net zoveel aandacht verdient als je deadlines!","2025-11-06 18:24:13",,"2025-10-17 21:36:28","2025-10-17 21:36:28"
93,kruik,"De Homey van Stoov. Een oplaadbaar warmtekussen vermomd als kruik.<br />Omdat jij net zoveel aandacht verdient als je deadlines!","2025-11-23 08:47:29",,"2025-10-17 21:36:28","2025-10-17 21:36:28"
94,kruik,"De Homey van Stoov. Een oplaadbaar warmtekussen vermomd als kruik.<br />Omdat jij net zoveel aandacht verdient als je deadlines!","2025-11-15 17:48:25",,"2025-10-17 21:36:28","2025-10-17 21:36:28"
95,kussen,"De Ploov van Stoov. Een oplaadbare warmtekussen.<br />Nu heb je warmte voor zowel je buik als je lichaam.","2025-11-30 21:02:12",,"2025-10-17 21:36:28","2025-10-17 21:36:28"
96,kussen,"De Ploov van Stoov. Een oplaadbare warmtekussen.<br />Nu heb je warmte voor zowel je buik als je lichaam.","2025-11-24 04:10:29",,"2025-10-17 21:36:28","2025-10-17 21:36:28"
97,kussen,"De Ploov van Stoov. Een oplaadbare warmtekussen.<br />Nu heb je warmte voor zowel je buik als je lichaam.","2025-11-19 11:24:41",,"2025-10-17 21:36:28","2025-10-17 21:36:28"
98,kussen,"De Ploov van Stoov. Een oplaadbare warmtekussen.<br />Nu heb je warmte voor zowel je buik als je lichaam.","2025-11-11 15:04:09",,"2025-10-17 21:36:28","2025-10-17 21:36:28"
99,kussen,"De Ploov van Stoov. Een oplaadbare warmtekussen.<br />Nu heb je warmte voor zowel je buik als je lichaam.","2025-11-10 01:36:00",,"2025-10-17 21:36:28","2025-10-17 21:36:28"
100,kussen,"De Ploov van Stoov. Een oplaadbare warmtekussen.<br />Nu heb je warmte voor zowel je buik als je lichaam.","2025-11-10 19:24:13",,"2025-10-17 21:36:28","2025-10-17 21:36:28"
101,kussen,"De Ploov van Stoov. Een oplaadbare warmtekussen.<br />Nu heb je warmte voor zowel je buik als je lichaam.","2025-11-15 06:45:54",,"2025-10-17 21:36:28","2025-10-17 21:36:28"
102,kussen,"De Ploov van Stoov. Een oplaadbare warmtekussen.<br />Nu heb je warmte voor zowel je buik als je lichaam.","2025-11-03 16:43:43",,"2025-10-17 21:36:28","2025-10-17 21:36:28"
103,kussen,"De Ploov van Stoov. Een oplaadbare warmtekussen.<br />Nu heb je warmte voor zowel je buik als je lichaam.","2025-11-29 21:38:37",,"2025-10-17 21:36:28","2025-10-17 21:36:28"
104,kussen,"De Ploov van Stoov. Een oplaadbare warmtekussen.<br />Nu heb je warmte voor zowel je buik als je lichaam.","2025-11-29 04:44:20",,"2025-10-17 21:36:28","2025-10-17 21:36:28"
105,kussen,"De Ploov van Stoov. Een oplaadbare warmtekussen.<br />Nu heb je warmte voor zowel je buik als je lichaam.","2025-11-07 02:58:09",,"2025-10-17 21:36:28","2025-10-17 21:36:28"
106,kussen,"De Ploov van Stoov. Een oplaadbare warmtekussen.<br />Nu heb je warmte voor zowel je buik als je lichaam.","2025-11-22 02:13:02",,"2025-10-17 21:36:28","2025-10-17 21:36:28"
107,kussen,"De Ploov van Stoov. Een oplaadbare warmtekussen.<br />Nu heb je warmte voor zowel je buik als je lichaam.","2025-11-05 15:31:10",,"2025-10-17 21:36:28","2025-10-17 21:36:28"
108,kussen,"De Ploov van Stoov. Een oplaadbare warmtekussen.<br />Nu heb je warmte voor zowel je buik als je lichaam.","2025-11-28 01:17:41",,"2025-10-17 21:36:28","2025-10-17 21:36:28"
109,kussen,"De Ploov van Stoov. Een oplaadbare warmtekussen.<br />Nu heb je warmte voor zowel je buik als je lichaam.","2025-11-03 04:07:39",,"2025-10-17 21:36:28","2025-10-17 21:36:28"
110,kussen,"De Ploov van Stoov. Een oplaadbare warmtekussen.<br />Nu heb je warmte voor zowel je buik als je lichaam.","2025-11-22 13:52:28",,"2025-10-17 21:36:28","2025-10-17 21:36:28"
111,kussen,"De Ploov van Stoov. Een oplaadbare warmtekussen.<br />Nu heb je warmte voor zowel je buik als je lichaam.","2025-11-03 22:25:08",,"2025-10-17 21:36:28","2025-10-17 21:36:28"
112,kussen,"De Ploov van Stoov. Een oplaadbare warmtekussen.<br />Nu heb je warmte voor zowel je buik als je lichaam.","2025-11-13 09:21:34",,"2025-10-17 21:36:28","2025-10-17 21:36:28"
113,kussen,"De Ploov van Stoov. Een oplaadbare warmtekussen.<br />Nu heb je warmte voor zowel je buik als je lichaam.","2025-11-12 20:29:55",,"2025-10-17 21:36:28","2025-10-17 21:36:28"
114,kussen,"De Ploov van Stoov. Een oplaadbare warmtekussen.<br />Nu heb je warmte voor zowel je buik als je lichaam.","2025-11-16 02:46:11",,"2025-10-17 21:36:28","2025-10-17 21:36:28"
115,deken,"De Big Hug van Stoov. Een oplaadbare stoelverwarmer.<br />Jouw werkdag wordt één grote warme knuffel!","2025-11-06 13:36:12",,"2025-10-17 21:36:28","2025-10-17 21:36:28"
116,deken,"De Big Hug van Stoov. Een oplaadbare stoelverwarmer.<br />Jouw werkdag wordt één grote warme knuffel!","2025-11-25 15:16:06",,"2025-10-17 21:36:28","2025-10-17 21:36:28"
117,deken,"De Big Hug van Stoov. Een oplaadbare stoelverwarmer.<br />Jouw werkdag wordt één grote warme knuffel!","2025-11-26 03:31:58",,"2025-10-17 21:36:28","2025-10-17 21:36:28"
118,deken,"De Big Hug van Stoov. Een oplaadbare stoelverwarmer.<br />Jouw werkdag wordt één grote warme knuffel!","2025-11-06 17:08:27",,"2025-10-17 21:36:28","2025-10-17 21:36:28"
119,deken,"De Big Hug van Stoov. Een oplaadbare stoelverwarmer.<br />Jouw werkdag wordt één grote warme knuffel!","2025-11-03 00:14:56",,"2025-10-17 21:36:28","2025-10-17 21:36:28"
120,deken,"De Big Hug van Stoov. Een oplaadbare stoelverwarmer.<br />Jouw werkdag wordt één grote warme knuffel!","2025-11-09 10:32:28",,"2025-10-17 21:36:28","2025-10-17 21:36:28"
121,deken,"De Big Hug van Stoov. Een oplaadbare stoelverwarmer.<br />Jouw werkdag wordt één grote warme knuffel!","2025-11-25 22:59:27",,"2025-10-17 21:36:28","2025-10-17 21:36:28"
122,deken,"De Big Hug van Stoov. Een oplaadbare stoelverwarmer.<br />Jouw werkdag wordt één grote warme knuffel!","2025-11-22 02:13:57",,"2025-10-17 21:36:28","2025-10-17 21:36:28"
123,deken,"De Big Hug van Stoov. Een oplaadbare stoelverwarmer.<br />Jouw werkdag wordt één grote warme knuffel!","2025-11-18 00:36:46",,"2025-10-17 21:36:28","2025-10-17 21:36:28"
124,deken,"De Big Hug van Stoov. Een oplaadbare stoelverwarmer.<br />Jouw werkdag wordt één grote warme knuffel!","2025-11-03 15:41:41",,"2025-10-17 21:36:28","2025-10-17 21:36:28"
125,deken,"De Big Hug van Stoov. Een oplaadbare stoelverwarmer.<br />Jouw werkdag wordt één grote warme knuffel!","2025-11-09 22:04:16",,"2025-10-17 21:36:28","2025-10-17 21:36:28"
126,deken,"De Big Hug van Stoov. Een oplaadbare stoelverwarmer.<br />Jouw werkdag wordt één grote warme knuffel!","2025-11-28 06:31:09",,"2025-10-17 21:36:28","2025-10-17 21:36:28"
127,deken,"De Big Hug van Stoov. Een oplaadbare stoelverwarmer.<br />Jouw werkdag wordt één grote warme knuffel!","2025-11-18 17:56:41",,"2025-10-17 21:36:28","2025-10-17 21:36:28"
128,deken,"De Big Hug van Stoov. Een oplaadbare stoelverwarmer.<br />Jouw werkdag wordt één grote warme knuffel!","2025-11-13 17:59:06",,"2025-10-17 21:36:28","2025-10-17 21:36:28"
129,deken,"De Big Hug van Stoov. Een oplaadbare stoelverwarmer.<br />Jouw werkdag wordt één grote warme knuffel!","2025-11-25 11:25:54",,"2025-10-17 21:36:28","2025-10-17 21:36:28"
